<?xml version="1.0" encoding="UTF-8"?><rss version="2.0"
	xmlns:content="http://purl.org/rss/1.0/modules/content/"
	xmlns:wfw="http://wellformedweb.org/CommentAPI/"
	xmlns:dc="http://purl.org/dc/elements/1.1/"
	xmlns:atom="http://www.w3.org/2005/Atom"
	xmlns:sy="http://purl.org/rss/1.0/modules/syndication/"
	xmlns:slash="http://purl.org/rss/1.0/modules/slash/"
	>

<channel>
	<title>Prodotti &#8211; NIKE</title>
	<atom:link href="http://localhost/e-martedi/negozio/feed/?simply_static_page=353" rel="self" type="application/rss+xml" />
	<link></link>
	<description></description>
	<lastBuildDate>Tue, 21 Mar 2023 16:28:46 +0000</lastBuildDate>
	<language>it-IT</language>
	<sy:updatePeriod>
	hourly	</sy:updatePeriod>
	<sy:updateFrequency>
	1	</sy:updateFrequency>
	<generator>https://wordpress.org/?v=6.1.1</generator>
	<item>
		<title>Nike Air Max SYSTM</title>
		<link>/prodotto/nike-air-max-systm/</link>
					<comments>/prodotto/nike-air-max-systm/#respond</comments>
		
		<dc:creator><![CDATA[Michela]]></dc:creator>
		<pubDate>Tue, 21 Mar 2023 16:28:46 +0000</pubDate>
				<guid isPermaLink="false">/?post_type=product#038;p=100</guid>

					<description><![CDATA[Looks Max. Feels Max. The Air Max SYSTM brings back everything you love about your favorite '80s vibes (without the parachute pants).]]></description>
										<content:encoded><![CDATA[<p>Looks Max. Feels Max. The Air Max SYSTM brings back everything you love about your favorite &#8217;80s vibes (without the parachute pants). Tried and true visible Nike Air cushioning pairs with a sleek, sport-inspired upper. It&#8217;s Air Max delivering again.</p>
]]></content:encoded>
					
					<wfw:commentRss>/prodotto/nike-air-max-systm/feed/</wfw:commentRss>
			<slash:comments>0</slash:comments>
		
		
			</item>
		<item>
		<title>Nike Air Max 270</title>
		<link>/prodotto/nike-air-max-270/</link>
					<comments>/prodotto/nike-air-max-270/#respond</comments>
		
		<dc:creator><![CDATA[Michela]]></dc:creator>
		<pubDate>Tue, 21 Mar 2023 16:26:00 +0000</pubDate>
				<guid isPermaLink="false">/?post_type=product#038;p=99</guid>

					<description><![CDATA[Nike's first lifestyle Air Max brings you style, comfort and big attitude in the Nike Air Max 270.]]></description>
										<content:encoded><![CDATA[<p>Nike&#8217;s first lifestyle Air Max brings you style, comfort and big attitude in the Nike Air Max 270. The design draws inspiration from Air Max icons, showcasing Nike&#8217;s greatest innovation with its large window and fresh array of colors.</p>
]]></content:encoded>
					
					<wfw:commentRss>/prodotto/nike-air-max-270/feed/</wfw:commentRss>
			<slash:comments>0</slash:comments>
		
		
			</item>
		<item>
		<title>Nike Air Max 90 Futura</title>
		<link>/prodotto/nike-air-max-90-futura/</link>
					<comments>/prodotto/nike-air-max-90-futura/#respond</comments>
		
		<dc:creator><![CDATA[Michela]]></dc:creator>
		<pubDate>Tue, 21 Mar 2023 16:22:09 +0000</pubDate>
				<guid isPermaLink="false">/?post_type=product#038;p=95</guid>

					<description><![CDATA[Are you ready to take your style up a notch? The Nike Air Max 90 Futura reimagines an icon of Air to bring you the perfect mix of futuristic design and throwback details.]]></description>
										<content:encoded><![CDATA[<p>Are you ready to take your style up a notch? The Nike Air Max 90 Futura reimagines an icon of Air to bring you the perfect mix of futuristic design and throwback details. Sawtooth edging around the outsole combines with smooth leather and partially floating Swoosh logos to deliver skillfully crafted luxury. Plush padding around the ankle mixes with tried-and-true Air cushioning to bring you first-class comfort. With a design that’s sporty, playful and oh-so comfortable, these kicks are all about stepping into the future.</p>
]]></content:encoded>
					
					<wfw:commentRss>/prodotto/nike-air-max-90-futura/feed/</wfw:commentRss>
			<slash:comments>0</slash:comments>
		
		
			</item>
	</channel>
</rss>
